Workbook

Sheet Бюджет
A1: Номер п/п | B1: Название статьи затрат | C1: 1 квартал | D1: 2 квартал | E1: 3 квартал | F1: 4 квартал | G1: Год
A2: CAPEX
A3: 1 | B3: Оборудование | C3: =CRM!C3+'СППР'!C3+QMS!C3+PLM!C3+'Мобильное приложение'!C3 -> 2540000 | D3: =CRM!D3+'СППР'!D3+QMS!D3+PLM!D3+'Мобильное приложение'!D3 -> 750000 | E3: =CRM!E3+'СППР'!E3+QMS!E3+PLM!E3+'Мобильное приложение'!E3 -> 680000 | F3: =CRM!F3+'СППР'!F3+QMS!F3+PLM!F3+'Мобильное приложение'!F3 -> 75000 | G3: =SUM(C3:F3) -> 4045000
A4: 2 | B4: Программное обеспечение | C4: =CRM!C4+'СППР'!C4+QMS!C4+PLM!C4+'Мобильное приложение'!C4 -> 2250000 | D4: =CRM!D4+'СППР'!D4+QMS!D4+PLM!D4+'Мобильное приложение'!D4 -> 1085000 | E4: =CRM!E4+'СППР'!E4+QMS!E4+PLM!E4+'Мобильное приложение'!E4 -> 1330000 | F4: =CRM!F4+'СППР'!F4+QMS!F4+PLM!F4+'Мобильное приложение'!F4 -> 90000 | G4: =SUM(C4:F4) -> 4755000
A5: 3 | B5: ТМЦ | C5: =CRM!C5+'СППР'!C5+QMS!C5+PLM!C5+'Мобильное приложение'!C5 -> 554000 | D5: =CRM!D5+'СППР'!D5+QMS!D5+PLM!D5+'Мобильное приложение'!D5 -> 215000 | E5: =CRM!E5+'СППР'!E5+QMS!E5+PLM!E5+'Мобильное приложение'!E5 -> 35000 | F5: =CRM!F5+'СППР'!F5+QMS!F5+PLM!F5+'Мобильное приложение'!F5 -> 30000 | G5: =SUM(C5:F5) -> 834000
A6: 4 | B6: Услуги сторонних организаций | C6: =CRM!C6+'СППР'!C6+QMS!C6+PLM!C6+'Мобильное приложение'!C6 -> 210000 | D6: =CRM!D6+'СППР'!D6+QMS!D6+PLM!D6+'Мобильное приложение'!D6 -> 300000 | E6: =CRM!E6+'СППР'!E6+QMS!E6+PLM!E6+'Мобильное приложение'!E6 -> 0 | F6: =CRM!F6+'СППР'!F6+QMS!F6+PLM!F6+'Мобильное приложение'!F6 -> 50000 | G6: =SUM(C6:F6) -> 560000
A7: 5 | B7: Прочее | C7: =CRM!C7+'СППР'!C7+QMS!C7+PLM!C7+'Мобильное приложение'!C7 -> 125000 | D7: =CRM!D7+'СППР'!D7+QMS!D7+PLM!D7+'Мобильное приложение'!D7 -> 70000 | E7: =CRM!E7+'СППР'!E7+QMS!E7+PLM!E7+'Мобильное приложение'!E7 -> 0 | F7: =CRM!F7+'СППР'!F7+QMS!F7+PLM!F7+'Мобильное приложение'!F7 -> 0 | G7: =SUM(C7:F7) -> 195000
A8: Итого: | C8: =SUM(C3:C7) -> 5679000 | D8: =SUM(D3:D7) -> 2420000 | E8: =SUM(E3:E7) -> 2045000 | F8: =SUM(F3:F7) -> 245000 | G8: =SUM(C8:F8) -> 10389000
A9: OPEX
A10: 1 | B10: Оборудование | C10: =CRM!C10+'СППР'!C10+QMS!C10+PLM!C10+'Мобильное приложение'!C10 -> 200000 | D10: =CRM!D10+'СППР'!D10+QMS!D10+PLM!D10+'Мобильное приложение'!D10 -> 130000 | E10: =CRM!E10+'СППР'!E10+QMS!E10+PLM!E10+'Мобильное приложение'!E10 -> 340000 | F10: =CRM!F10+'СППР'!F10+QMS!F10+PLM!F10+'Мобильное приложение'!F10 -> 198000 | G10: =SUM(C10:F10) -> 868000
A11: 2 | B11: Программное обеспечение | C11: =CRM!C11+'СППР'!C11+QMS!C11+PLM!C11+'Мобильное приложение'!C11 -> 206000 | D11: =CRM!D11+'СППР'!D11+QMS!D11+PLM!D11+'Мобильное приложение'!D11 -> 245000 | E11: =CRM!E11+'СППР'!E11+QMS!E11+PLM!E11+'Мобильное приложение'!E11 -> 179000 | F11: =CRM!F11+'СППР'!F11+QMS!F11+PLM!F11+'Мобильное приложение'!F11 -> 80000 | G11: =SUM(C11:F11) -> 710000
A12: 3 | B12: ТМЦ | C12: =CRM!C12+'СППР'!C12+QMS!C12+PLM!C12+'Мобильное приложение'!C12 -> 66000 | D12: =CRM!D12+'СППР'!D12+QMS!D12+PLM!D12+'Мобильное приложение'!D12 -> 55000 | E12: =CRM!E12+'СППР'!E12+QMS!E12+PLM!E12+'Мобильное приложение'!E12 -> 55000 | F12: =CRM!F12+'СППР'!F12+QMS!F12+PLM!F12+'Мобильное приложение'!F12 -> 132000 | G12: =SUM(C12:F12) -> 308000
A13: 4 | B13: Услуги сторонних организаций | C13: =CRM!C13+'СППР'!C13+QMS!C13+PLM!C13+'Мобильное приложение'!C13 -> 136000 | D13: =CRM!D13+'СППР'!D13+QMS!D13+PLM!D13+'Мобильное приложение'!D13 -> 182000 | E13: =CRM!E13+'СППР'!E13+QMS!E13+PLM!E13+'Мобильное приложение'!E13 -> 523200 | F13: =CRM!F13+'СППР'!F13+QMS!F13+PLM!F13+'Мобильное приложение'!F13 -> 157600 | G13: =SUM(C13:F13) -> 998800
A14: 5 | B14: Прочее | C14: =CRM!C14+'СППР'!C14+QMS!C14+PLM!C14+'Мобильное приложение'!C14 -> 4676000 | D14: =CRM!D14+'СППР'!D14+QMS!D14+PLM!D14+'Мобильное приложение'!D14 -> 2667750 | E14: =CRM!E14+'СППР'!E14+QMS!E14+PLM!E14+'Мобильное приложение'!E14 -> 2514360 | F14: =CRM!F14+'СППР'!F14+QMS!F14+PLM!F14+'Мобильное приложение'!F14 -> 3570860 | G14: =SUM(C14:F14) -> 13428970
A15: Итого: | C15: =SUM(C10:C14) -> 5284000 | D15: =SUM(D10:D14) -> 3279750 | E15: =SUM(E10:E14) -> 3611560 | F15: =SUM(F10:F14) -> 4138460 | G15: =SUM(C15:F15) -> 16313770

Sheet CRM
A1: Номер п/п | B1: Название статьи затрат | C1: 1 квартал | D1: 2 квартал | E1: 3 квартал | F1: 4 квартал | G1: Год
A2: CAPEX
A3: 1 | B3: Оборудование | C3: 700000 | D3: 0 | E3: 0 | F3: 0 | G3: 700000
A4: 2 | B4: Программное обеспечение | C4: 1650000 | D4: 0 | E4: 0 | F4: 0 | G4: 1650000
A5: 3 | B5: ТМЦ | C5: 250000 | D5: 0 | E5: 0 | F5: 0 | G5: 250000
A6: 4 | B6: Услуги сторонних организаций | C6: 0 | D6: 0 | E6: 0 | F6: 50000 | G6: 50000
A7: 5 | B7: Прочее | C7: 25000 | D7: 20000 | E7: 0 | F7: 0 | G7: 45000
A8: Итого: | C8: 2625000 | D8: 20000 | E8: 0 | F8: 50000 | G8: 2695000
A9: OPEX
A10: 1 | B10: Оборудование | C10: 150000 | D10: 80000 | E10: 60000 | F10: 0 | G10: 290000
A11: 2 | B11: Программное обеспечение | C11: 126000 | D11: 165000 | E11: 0 | F11: 0 | G11: 291000
A12: 3 | B12: ТМЦ | C12: 36000 | D12: 25000 | E12: 0 | F12: 45000 | G12: 106000
A13: 4 | B13: Услуги сторонних организаций | C13: 0 | D13: 0 | E13: 0 | F13: 0 | G13: 0
A14: 5 | B14: Прочее | C14: 950000 | D14: 1586750 | E14: 1804700 | F14: 3120000 | G14: 7461450
A15: Итого: | C15: 1262000 | D15: 1856750 | E15: 1864700 | F15: 3165000 | G15: 8148450

Sheet СППР
A1: Номер п/п | B1: Название статьи затрат | C1: 1 квартал | D1: 2 квартал | E1: 3 квартал | F1: 4 квартал | G1: Год
A2: CAPEX
A3: 1 | B3: Оборудование | C3: 200000 | D3: 0 | E3: 0 | F3: 0 | G3: 200000
A4: 2 | B4: Программное обеспечение | C4: 100000 | D4: 0 | E4: 0 | F4: 0 | G4: 100000
A5: 3 | B5: ТМЦ | C5: 0 | D5: 0 | E5: 0 | F5: 0 | G5: 0
A6: 4 | B6: Услуги сторонних организаций | C6: 10000 | D6: 0 | E6: 0 | F6: 0 | G6: 100000
A7: 5 | B7: Прочее | C7: 0 | D7: 0 | E7: 0 | F7: 0 | G7: 0
A8: Итого: | C8: 400000 | D8: 0 | E8: 0 | F8: 0 | G8: 400000
A9: OPEX
A10: 1 | B10: Оборудование | C10: 0 | D10: 0 | E10: 0 | F10: 0 | G10: 0
A11: 2 | B11: Программное обеспечение | C11: 0 | D11: 0 | E11: 0 | F11: 0 | G11: 0
A12: 3 | B12: ТМЦ | C12: 0 | D12: 0 | E12: 0 | F12: 0 | G12: 0
A13: 4 | B13: Услуги сторонних организаций | C13: 0 | D13: 0 | E13: 0 | F13: 0 | G13: 0
A14: 5 | B14: Прочее | C14: 3688000 | D14: 1040000 | E14: 467360 | F14: 95360 | G14: =SUM(C14:F14) -> 5290720
A15: Итого: | C15: =SUM(C10:C14) -> 3688000 | D15: =SUM(D10:D14) -> 1040000 | E15: =SUM(E10:E14) -> 467360 | F15: =SUM(F10:F14) -> 95360 | G15: =SUM(C15:F15) -> 5290720

Sheet QMS
A1: Номер п/п | B1: Название статьи затрат | C1: 1 квартал | D1: 2 квартал | E1: 3 квартал | F1: 4 квартал | G1: Год
A2: CAPEX
A3: 1 | B3: Оборудование | C3: 1500000 | D3: 500000 | E3: 0 | F3: 0 | G3: 2000000
A4: 2 | B4: Программное обеспечение | C4: 500000 | D4: 1000000 | E4: 0 | F4: 0 | G4: 1500000
A5: 3 | B5: ТМЦ | C5: 300000 | D5: 200000 | E5: 0 | F5: 0 | G5: 500000
A6: 4 | B6: Услуги сторонних организаций | C6: 200000 | D6: 300000 | E6: 0 | F6: 0 | G6: 500000
A7: 5 | B7: Прочее | C7: 100000 | D7: 50000 | E7: 0 | F7: 0 | G7: 150000
A8: Итого: | C8: 2600000 | D8: 2050000 | E8: 0 | F8: 0 | G8: 4650000
A9: OPEX
A10: 1 | B10: Оборудование | C10: 50000 | D10: 50000 | E10: 50000 | F10: 50000 | G10: 200000
A11: 2 | B11: Программное обеспечение | C11: 80000 | D11: 80000 | E11: 80000 | F11: 80000 | G11: 320000
A12: 3 | B12: ТМЦ | C12: 30000 | D12: 30000 | E12: 30000 | F12: 30000 | G12: 120000
A13: 4 | B13: Услуги сторонних организаций | C13: 100000 | D13: 100000 | E13: 100000 | F13: 100000 | G13: 400000
A14: 5 | B14: Прочее | C14: 20000 | D14: 20000 | E14: 20000 | F14: 20000 | G14: 80000
A15: Итого: | C15: 280000 | D15: 280000 | E15: 280000 | F15: 280000 | G15: 1120000

Sheet Мобильное приложение
A1: Номер п/п | B1: Название статьи затрат | C1: 1 квартал | D1: 2 квартал | E1: 3 квартал | F1: 4 квартал | G1: Год
A2: CAPEX
A3: 1 | B3: Оборудование | C3: 140000 | D3: 250000 | E3: 80000 | F3: 75000 | G3: 545000
A4: 2 | B4: Программное обеспечение | C4: 0 | D4: 85000 | E4: 100000 | F4: 90000 | G4: 275000
A5: 3 | B5: ТМЦ | C5: 4000 | D5: 15000 | E5: 35000 | F5: 30000 | G5: 84000
A6: 4 | B6: Услуги сторонних организаций | C6: 0 | D6: 0 | E6: 0 | F6: 0 | G6: 0
A7: 5 | B7: Прочее | C7: 0 | D7: 0 | E7: 0 | F7: 0 | G7: 0
A8: Итого: | C8: 144000 | D8: 350000 | E8: 215000 | F8: 195000 | G8: 904000
A9: OPEX
A10: 1 | B10: Оборудование | C10: 0 | D10: 0 | E10: 0 | F10: 0 | G10: 0
A11: 2 | B11: Программное обеспечение | C11: 0 | D11: 0 | E11: 0 | F11: 0 | G11: 0
A12: 3 | B12: ТМЦ | C12: 0 | D12: 0 | E12: 0 | F12: 0 | G12: 0
A13: 4 | B13: Услуги сторонних организаций | C13: 36000 | D13: 82000 | E13: 123200 | F13: 57600 | G13: 298800
A14: 5 | B14: Прочее | C14: 18000 | D14: 21000 | E14: 36300 | F14: 25500 | G14: 100800
A15: Итого: | C15: 54000 | D15: 103000 | E15: 159500 | F15: 83100 | G15: 399600

Sheet PLM
A1: Номер п/п | B1: Название статьи затрат | C1: 1 квартал | D1: 2 квартал | E1: 3 квартал | F1: 4 квартал | G1: Год
A2: CAPEX
A3: 1 | B3: Оборудование | C3: 0 | D3: 0 | E3: 600000 | F3: 0 | G3: 600000
A4: 2 | B4: Программное обеспечение | C4: 0 | D4: 0 | E4: 1230000 | F4: 0 | G4: 1230000
A5: 3 | B5: ТМЦ | C5: 0 | D5: 0 | E5: 0 | F5: 0 | G5: 0
A6: 4 | B6: Услуги сторонних организаций | C6: 0 | D6: 0 | E6: 0 | F6: 0 | G6: 0
A7: 5 | B7: Прочее | C7: 0 | D7: 0 | E7: 0 | F7: 0 | G7: 0
A8: Итого: | C8: 0 | D8: 0 | E8: 1830000 | F8: 0 | G8: 1830000
A9: OPEX
A10: 1 | B10: Оборудование | C10: 0 | D10: 0 | E10: 230000 | F10: 148000 | G10: 378000
A11: 2 | B11: Программное обеспечение | C11: 0 | D11: 0 | E11: 99000 | F11: 0 | G11: 99000
A12: 3 | B12: ТМЦ | C12: 0 | D12: 0 | E12: 25000 | F12: 57000 | G12: 82000
A13: 4 | B13: Услуги сторонних организаций | C13: 0 | D13: 0 | E13: 300000 | F13: 0 | G13: 300000
A14: 5 | B14: Прочее | C14: 0 | D14: 0 | E14: 186000 | F14: 310000 | G14: =SUM(C14:F14) -> 496000
A15: Итого: | C15: 0 | D15: 0 | E15: =SUM(E10:E14) -> 840000 | F15: 3480600 | G15: =SUM(G10:G14) -> 1355000

Sheet План информатизации ИТ
A1: Номер п/п | B1: Наименование проекта/информационной системы | C1: 1 квартал | D1: 2 квартал | E1: 3 квартал | F1: 4 квартал | G1: Год
A2: CAPEX
A3: 1 | B3: Система управления взаимоотношениями с клиентами (CRM) | C3: =CRM!C8 -> 2625000 | D3: =CRM!D8 -> 20000 | E3: =CRM!E8 -> 0 | F3: =CRM!F8 -> 50000 | G3: =SUM(C3:F3) -> 2695000
A4: 2 | B4: Система поддержки принятия управленческих решений (СППР) | C4: ='СППР'!C8 -> 400000 | D4: ='СППР'!D8 -> 0 | E4: ='СППР'!E8 -> 0 | F4: ='СППР'!F8 -> 0 | G4: =SUM(C4:F4) -> 400000
A5: 3 | B5: Система управления качеством (QMS) | C5: =QMS!C8 -> 2600000 | D5: =QMS!D8 -> 2050000 | E5: =QMS!E8 -> 0 | F5: =QMS!F8 -> 0 | G5: =SUM(C5:F5) -> 4650000
A6: 4 | B6: Мобильное приложение | C6: ='Мобильное приложение'!C8 -> 144000 | D6: ='Мобильное приложение'!D8 -> 350000 | E6: ='Мобильное приложение'!E8 -> 215000 | F6: ='Мобильное приложение'!F8 -> 195000 | G6: =SUM(C6:F6) -> 904000
A7: 5 | B7: Система управления жизненным циклом изделия (PLM) | C7: =PLM!C8 -> 0 | D7: =PLM!D8 -> 0 | E7: =PLM!E8 -> 1830000 | F7: =PLM!F8 -> 0 | G7: =SUM(C7:F7) -> 1830000
A8: Итого: | C8: =SUM(C3:C7) -> 5769000 | D8: =SUM(D3:D7) -> 2420000 | E8: =SUM(E3:E7) -> 2045000 | F8: =SUM(F3:F7) -> 245000 | G8: =SUM(C8:F8) -> 10479000
A9: OPEX
A10: 1 | B10: Система управления взаимоотношениями с клиентами (CRM) | C10: =CRM!C15 -> 1262000 | D10: =CRM!D15 -> 1856750 | E10: =CRM!E15 -> 1864700 | F10: =CRM!F15 -> 3165000 | G10: =SUM(C10:F10) -> 8148450
A11: 2 | B11: Система поддержки принятия управленческих решений (СППР) | C11: ='СППР'!C15 -> 3688000 | D11: ='СППР'!D15 -> 1040000 | E11: ='СППР'!E15 -> 467360 | F11: ='СППР'!F15 -> 95360 | G11: =SUM(C11:F11) -> 5290720
A12: 3 | B12: Система управления качеством (QMS) | C12: =QMS!C15 -> 280000 | D12: =QMS!D15 -> 280000 | E12: =QMS!E15 -> 280000 | F12: =QMS!F15 -> 280000 | G12: =SUM(C12:F12) -> 1120000
A13: 4 | B13: Мобильное приложение | C13: ='Мобильное приложение'!C15 -> 54000 | D13: ='Мобильное приложение'!D15 -> 103000 | E13: ='Мобильное приложение'!E15 -> 159500 | F13: ='Мобильное приложение'!F15 -> 83100 | G13: =SUM(C13:F13) -> 399600
A14: 5 | B14: Система управления жизненным циклом изделия (PLM) | C14: =PLM!C15 -> 0 | D14: =PLM!D15 -> 0 | E14: =PLM!E15 -> 840000 | F14: =PLM!F15 -> 3480600 | G14: =SUM(C14:F14) -> 4320600
A15: Итого: | C15: =SUM(C10:C14) -> 5284000 | D15: =SUM(D10:D14) -> 3279750 | E15: =SUM(E10:E14) -> 3611560 | F15: =SUM(F10:F14) -> 7104060 | G15: =SUM(C15:F15) -> 19279370
